name,surname,score,date_and_time,email
Jayson,Edwards,2,2021-11-10 10:00:00,sonnen@yahoo.com
April,Sims,3,2021-11-01 11:00:00,retoh@outlook.com
Rubi,Ortega,2,2021-11-11 10:00:00,balchen@att.net
Kamari,Fowler,3,2021-11-11 11:00:00,corrada@sbcglobal.net
Parker,Boyle,3,2021-11-06 09:00:00,kosact@verizon.net
Jayson,Edwards,4,2021-11-14 10:00:00,sonnen@yahoo.com
Alfonso,Grimes,3,2021-11-05 12:00:00,sequin@live.com
Jakob,Moore,4,2021-11-12 10:00:00,noahb@comcast.net
Isaias,Joseph,5,2021-11-18 12:00:00,ylchang@sbcglobal.net
Abbie,Scott,4,2021-11-15 12:00:00,tbusch@me.com
Emmy,Morrison,5,2021-11-05 12:00:00,neuffer@live.com
Brooks,Woods,3,2021-11-10 12:00:00,juliano@att.net
Jalen,Paul,4,2021-11-05 12:00:00,sblack@me.com
Nathaly,Herman,4,2021-11-13 10:00:00,isaacson@comcast.net
Cruz,Schaefer,5,2021-11-02 11:00:00,hoangle@outlook.com
Aliza,Travis,5,2021-11-06 09:00:00,pdbaby@outlook.com
Nikolas,Mckinney,4,2021-11-09 12:00:00,arnold@att.net
Monserrat,Oconnor,4,2021-11-10 10:00:00,msusa@me.com
Nathaly,Curry,5,2021-11-08 11:00:00,bcevc@yahoo.ca
Zoey,Ellison,2,2021-11-06 09:00:00,froodian@icloud.com
Josie,Daniel,3,2021-11-15 09:00:00,eurohack@outlook.com
Phoenix,Ashley,3,2021-11-10 11:00:00,neonatus@outlook.com
Callum,King,4,2021-11-14 12:00:00,pedwards@icloud.com
Camryn,Shea,4,2021-11-08 10:00:00,mjewell@mac.com
Cason,Levine,2,2021-11-11 12:00:00,burniske@verizon.net
Zachary,Schmitt,2,2021-11-01 12:00:00,osaru@msn.com
Jayvon,Allen,5,2021-11-10 12:00:00,reziac@icloud.com
Marcelo,Shepard,5,2021-11-18 09:00:00,spadkins@verizon.net
Anastasia,Carpenter,4,2021-11-12 12:00:00,ismail@gmail.com
Raiden,Macias,3,2021-11-13 10:00:00,krueger@optonline.net
Jadon,Mosley,4,2021-11-10 12:00:00,nimaclea@optonline.net
Cristina,Beard,4,2021-11-13 10:00:00,bonmots@icloud.com
Demarion,Duarte,2,2021-11-08 10:00:00,studyabr@icloud.com
Celeste,Navarro,3,2021-11-04 09:00:00,wmszeliga@aol.com
Kailyn,Scott,5,2021-11-07 12:00:00,subir@hotmail.com
Aryanna,Donaldson,5,2021-11-12 12:00:00,solomon@hotmail.com
Elisha,Patterson,5,2021-11-15 12:00:00,vganesh@optonline.net
Cora,Aguirre,5,2021-11-11 09:00:00,magusnet@sbcglobal.net
Benjamin,Francis,5,2021-11-13 12:00:00,ntegrity@gmail.com
Marina,Figueroa,4,2021-11-11 11:00:00,specprog@live.com
Carolina,Randall,4,2021-11-14 09:00:00,afeldspar@sbcglobal.net
Emilio,Mathews,3,2021-11-11 09:00:00,fallorn@yahoo.com
Camron,Henderson,2,2021-11-06 12:00:00,dburrows@verizon.net
Alayna,Bowen,2,2021-11-09 10:00:00,quantaman@aol.com
Mary,Figueroa,3,2021-11-11 12:00:00,parkes@yahoo.ca
Shyann,Colon,2,2021-11-08 12:00:00,rhavyn@yahoo.ca
Julianna,Moss,4,2021-11-02 12:00:00,milton@optonline.net
Serena,Mathews,4,2021-11-20 10:00:00,fwiles@att.net
Lawson,Hooper,3,2021-11-10 11:00:00,geekoid@live.com
Hugo,Hahn,2,2021-11-09 11:00:00,jimxugle@gmail.com
Iris,Leonard,3,2021-11-01 10:00:00,hoyer@outlook.com
Martin,Franco,4,2021-11-06 12:00:00,barnett@outlook.com
Marlee,Orozco,4,2021-11-16 11:00:00,andersbr@yahoo.com
Jairo,Woods,4,2021-11-07 11:00:00,scitext@mac.com
Jordin,Snow,3,2021-11-12 10:00:00,mgreen@att.net
Pranav,Adams,2,2021-11-07 09:00:00,temmink@verizon.net
Selina,Shaffer,5,2021-11-04 09:00:00,pfitza@me.com
Erick,Morton,2,2021-11-12 10:00:00,kevinm@sbcglobal.net
Billy,Palmer,5,2021-11-11 12:00:00,kuparine@comcast.net
Ivy,Harper,4,2021-11-15 10:00:00,kspiteri@msn.com
Abbie,Scott,3,2021-11-12 12:00:00,tbusch@me.com
Brayan,Molina,4,2021-11-08 12:00:00,ianbuck@live.com
Donte,Browning,4,2021-11-11 12:00:00,michiel@gmail.com
Rory,Burnett,4,2021-11-13 12:00:00,dhwon@yahoo.com
Enrique,Castro,2,2021-11-12 12:00:00,kidehen@me.com
Randall,May,3,2021-11-12 10:00:00,suresh@yahoo.ca
Fletcher,Shelton,3,2021-11-01 12:00:00,jramio@comcast.net
Jaylynn,Everett,3,2021-11-13 11:00:00,noahb@yahoo.ca
Hope,Morton,2,2021-11-06 11:00:00,lstaf@optonline.net
Rey,Gallegos,2,2021-11-11 11:00:00,bastian@sbcglobal.net
Lillianna,Bright,4,2021-11-18 12:00:00,pgolle@verizon.net
Omari,Cisneros,2,2021-11-01 12:00:00,shaffei@att.net
Janiah,Morton,3,2021-11-10 10:00:00,grothoff@yahoo.com
Walker,Nixon,4,2021-11-09 10:00:00,imightb@mac.com
Leilani,Barajas,2,2021-11-05 10:00:00,grossman@yahoo.ca
Solomon,Hoffman,3,2021-11-11 09:00:00,sherzodr@att.net
Christine,Macdonald,2,2021-11-03 11:00:00,jeteve@aol.com
Karsyn,Lowe,3,2021-11-10 09:00:00,kaiser@comcast.net
Enrique,Castro,3,2021-11-16 12:00:00,kidehen@me.com
Alden,Ayala,3,2021-11-09 11:00:00,rmcfarla@me.com
Alyson,Arroyo,4,2021-11-12 12:00:00,sjmuir@gmail.com
Hugo,Hahn,3,2021-11-13 11:00:00,jimxugle@gmail.com
Alexzander,Castaneda,4,2021-11-09 12:00:00,sharon@yahoo.com
Rylee,Henson,5,2021-11-13 11:00:00,rwelty@outlook.com
Karlee,Bradshaw,3,2021-11-05 09:00:00,skythe@aol.com
Giana,Campbell,3,2021-11-10 12:00:00,nelson@hotmail.com
Josie,Fernandez,3,2021-11-07 10:00:00,laird@live.com
Kaelyn,Dickson,2,2021-11-09 10:00:00,schumer@outlook.com
Marina,Figueroa,3,2021-11-02 11:00:00,specprog@live.com
Cesar,Adkins,3,2021-11-11 11:00:00,mrsam@outlook.com
Cesar,Adkins,4,2021-11-16 11:00:00,mrsam@outlook.com
Sariah,Farmer,4,2021-11-08 09:00:00,malvar@icloud.com
Leonardo,Porter,3,2021-11-12 09:00:00,stellaau@sbcglobal.net
Rene,Burns,5,2021-11-08 10:00:00,johndo@live.com
Roland,Wiley,3,2021-11-16 10:00:00,jfinke@att.net
Logan,Snow,3,2021-11-11 10:00:00,isorashi@hotmail.com
Carolina,Randall,3,2021-11-11 09:00:00,afeldspar@sbcglobal.net
Jovani,Holden,5,2021-11-07 12:00:00,esokullu@comcast.net
Beatrice,Bentley,3,2021-11-12 12:00:00,ubergeeb@gmail.com
Roland,Wiley,2,2021-11-12 10:00:00,jfinke@att.net
Jake,Lloyd,4,2021-11-06 12:00:00,grolschie@me.com
Titus,Hodge,2,2021-11-02 10:00:00,hermanab@optonline.net
Kassandra,Weber,3,2021-11-04 11:00:00,mlewan@yahoo.com
Eugene,Prince,2,2021-11-09 09:00:00,seemant@live.com
Mathew,Macdonald,5,2021-11-10 12:00:00,unreal@yahoo.ca
Susan,Larson,3,2021-11-06 12:00:00,cosimo@aol.com
Isabel,Decker,3,2021-11-08 11:00:00,hikoza@yahoo.ca
Cynthia,Sheppard,4,2021-11-15 12:00:00,evilopie@att.net
Steven,Murphy,4,2021-11-10 11:00:00,henkp@verizon.net
Baron,Dudley,4,2021-11-08 09:00:00,shrapnull@msn.com
Alayna,Bowen,5,2021-11-13 10:00:00,quantaman@aol.com
Quinn,Kelley,3,2021-11-12 09:00:00,hikoza@sbcglobal.net
Chase,Caldwell,2,2021-11-12 11:00:00,bester@gmail.com
Jayleen,Petty,5,2021-11-16 09:00:00,ntegrity@mac.com
Darnell,Kelley,3,2021-11-16 12:00:00,elflord@optonline.net
Vincent,Buck,4,2021-11-07 11:00:00,zavadsky@icloud.com
Mathew,Macdonald,3,2021-11-07 12:00:00,unreal@yahoo.ca
Rhianna,Rich,3,2021-11-08 09:00:00,mjewell@live.com
Parker,Boyle,4,2021-11-10 09:00:00,kosact@verizon.net
Tatum,Bush,5,2021-11-14 09:00:00,mwandel@comcast.net
Rubi,Ortega,5,2021-11-15 10:00:00,balchen@att.net
Landen,Pope,3,2021-11-06 10:00:00,milton@yahoo.ca
Roland,Wiley,3,2021-11-21 10:00:00,jfinke@att.net
Ibrahim,Graham,5,2021-11-15 10:00:00,shaffei@yahoo.ca
Callie,Levy,5,2021-11-02 09:00:00,loscar@att.net
Denzel,Brown,3,2021-11-10 11:00:00,carmena@att.net
Donte,Fleming,4,2021-11-12 12:00:00,jkegl@att.net
Nathanael,Higgins,4,2021-11-01 11:00:00,ninenine@sbcglobal.net
Tyrese,Vaughan,3,2021-11-04 12:00:00,podmaster@optonline.net
Darnell,Kelley,4,2021-11-20 12:00:00,elflord@optonline.net
Jakob,Harrison,4,2021-11-05 11:00:00,wainwrig@sbcglobal.net
Kailee,Leblanc,3,2021-11-14 11:00:00,marin@yahoo.com
Jenny,Lawson,3,2021-11-03 11:00:00,goldberg@att.net
Celeste,Navarro,4,2021-11-10 09:00:00,wmszeliga@aol.com
Talon,Carrillo,2,2021-11-12 12:00:00,credmond@yahoo.ca
Enrique,Golden,5,2021-11-06 10:00:00,william@outlook.com
Byron,Franklin,4,2021-11-06 09:00:00,speeves@me.com
Zoey,Ellison,3,2021-11-10 09:00:00,froodian@icloud.com
Jamison,Ramirez,5,2021-11-07 11:00:00,martyloo@gmail.com
Humberto,Burgess,5,2021-11-09 10:00:00,kingjoshi@mac.com
Damaris,Chase,5,2021-11-15 11:00:00,stewwy@yahoo.com
Cora,Aguirre,2,2021-11-08 09:00:00,magusnet@sbcglobal.net
Richard,Hines,4,2021-11-15 10:00:00,esokullu@me.com
Bryan,Gallagher,5,2021-11-09 12:00:00,studyabr@gmail.com
Gillian,Hubbard,3,2021-11-07 11:00:00,mschilli@me.com
Reyna,Clark,4,2021-11-04 10:00:00,errxn@live.com
Princess,Spence,4,2021-11-01 11:00:00,druschel@verizon.net
Aron,Allison,3,2021-11-11 10:00:00,kawasaki@optonline.net
Armani,Davis,3,2021-11-01 10:00:00,hmbrand@att.net
Adalyn,Weiss,4,2021-11-11 12:00:00,joehall@verizon.net
Rylan,Lucas,4,2021-11-08 10:00:00,sriha@live.com
Rory,Burnett,2,2021-11-08 12:00:00,dhwon@yahoo.com
Aliza,Arnold,5,2021-11-08 10:00:00,metzzo@hotmail.com
Turner,Oneill,3,2021-11-10 11:00:00,gavollink@msn.com
Anastasia,Carpenter,3,2021-11-07 12:00:00,ismail@gmail.com
Jaxon,Greene,3,2021-11-12 12:00:00,hauma@outlook.com
Rhianna,Rich,4,2021-11-11 09:00:00,mjewell@live.com
Kimberly,Scott,2,2021-11-02 12:00:00,ranasta@hotmail.com
Richard,Hines,3,2021-11-11 10:00:00,esokullu@me.com
Tamia,Medina,3,2021-11-09 09:00:00,bescoto@optonline.net
Madison,Pena,4,2021-11-16 12:00:00,mavilar@att.net
Sammy,Contreras,3,2021-11-16 09:00:00,dbrobins@yahoo.com
Maliyah,Sherman,2,2021-11-10 12:00:00,seano@me.com
Angelina,Hurley,4,2021-11-01 12:00:00,jnolan@outlook.com
Holly,Strong,3,2021-11-03 10:00:00,skythe@att.net
Priscilla,Osborne,3,2021-11-20 09:00:00,corrada@mac.com
Melina,Barton,2,2021-11-10 12:00:00,jkegl@icloud.com
Sariah,Arellano,3,2021-11-01 09:00:00,isaacson@me.com
Abram,Mccarthy,2,2021-11-06 10:00:00,mastinfo@sbcglobal.net
Celeste,Navarro,4,2021-11-07 09:00:00,wmszeliga@aol.com
Kai,Melton,2,2021-11-12 09:00:00,firstpr@att.net
Alden,Ayala,2,2021-11-03 11:00:00,rmcfarla@me.com
Emmett,Mcfarland,3,2021-11-04 12:00:00,salesgeek@hotmail.com
Mia,Burch,2,2021-11-08 12:00:00,mirod@msn.com
Walker,Nixon,3,2021-11-04 10:00:00,imightb@mac.com
Alden,Ayala,3,2021-11-06 11:00:00,rmcfarla@me.com
Kael,Clements,3,2021-11-07 09:00:00,hyper@hotmail.com
Phoenix,Ashley,4,2021-11-14 11:00:00,neonatus@outlook.com
Chris,Lin,2,2021-11-09 12:00:00,nweaver@icloud.com
Essence,Anderson,5,2021-11-16 11:00:00,psichel@aol.com
Elisha,Patterson,2,2021-11-11 12:00:00,vganesh@optonline.net
Deborah,Villarreal,3,2021-11-11 09:00:00,juliano@hotmail.com
Chaim,Reeves,2,2021-11-10 11:00:00,kuparine@aol.com
Alyson,Arroyo,4,2021-11-15 12:00:00,sjmuir@gmail.com
Kaeden,Peterson,3,2021-11-02 12:00:00,reeds@yahoo.com
Caitlin,Kirk,4,2021-11-17 10:00:00,claypool@att.net
Hamza,Stanton,3,2021-11-04 10:00:00,presoff@msn.com
Clara,Cox,2,2021-11-01 11:00:00,bowmanbs@sbcglobal.net
Holden,Dougherty,3,2021-11-13 10:00:00,papathan@sbcglobal.net
Maliyah,Sherman,3,2021-11-13 12:00:00,seano@me.com
Armani,Davis,5,2021-11-06 10:00:00,hmbrand@att.net
Imani,Knapp,5,2021-11-12 12:00:00,cparis@me.com
Kayley,Murphy,3,2021-11-03 09:00:00,muadip@outlook.com
Teagan,Hanson,4,2021-11-19 12:00:00,wikinerd@att.net
Dale,Santos,2,2021-11-11 11:00:00,erynf@hotmail.com
Aden,Miller,5,2021-11-07 10:00:00,sekiya@outlook.com
Rolando,Singleton,3,2021-11-10 11:00:00,mhoffman@me.com
Kimberly,Wiley,3,2021-11-16 09:00:00,chunzi@mac.com
Lilah,Owens,4,2021-11-04 09:00:00,rattenbt@yahoo.ca
Shelby,Woods,4,2021-11-14 10:00:00,netsfr@yahoo.com
Clayton,Meadows,3,2021-11-15 11:00:00,arathi@comcast.net
Bailee,Bowman,3,2021-11-12 09:00:00,hamilton@aol.com
Payton,Lewis,4,2021-11-08 11:00:00,ducasse@msn.com
Jonathan,Ortiz,3,2021-11-11 12:00:00,overbom@yahoo.ca
Logan,Snow,4,2021-11-16 10:00:00,isorashi@hotmail.com
Christine,Macdonald,5,2021-11-06 11:00:00,jeteve@aol.com
Dante,Mason,3,2021-11-06 09:00:00,fluffy@me.com
Lorelei,Sawyer,3,2021-11-01 10:00:00,portele@mac.com
Demarion,Duarte,3,2021-11-16 10:00:00,studyabr@icloud.com
April,Sims,4,2021-11-04 11:00:00,retoh@outlook.com
Jamir,Fitzgerald,4,2021-11-18 11:00:00,bsikdar@hotmail.com
Leyla,Sparks,3,2021-11-10 10:00:00,dimensio@sbcglobal.net
Barbara,Dyer,3,2021-11-09 11:00:00,manuals@yahoo.ca
Byron,Woodard,4,2021-11-02 09:00:00,lpalmer@yahoo.ca
Jadon,Mosley,2,2021-11-02 12:00:00,nimaclea@optonline.net
Azul,Barnett,2,2021-11-04 11:00:00,koudas@verizon.net
Teagan,Mcconnell,5,2021-11-11 09:00:00,wainwrig@optonline.net
Teagan,Bentley,2,2021-11-12 12:00:00,cantu@live.com
Elliana,Farrell,4,2021-11-02 09:00:00,erynf@att.net
Genevieve,Strickland,4,2021-11-10 12:00:00,jlbaumga@verizon.net
Essence,Barry,3,2021-11-13 10:00:00,samavati@comcast.net
Elias,Greene,4,2021-11-20 09:00:00,okroeger@me.com
Marina,Figueroa,4,2021-11-07 11:00:00,specprog@live.com
Francis,Gray,3,2021-11-06 11:00:00,dvdotnet@comcast.net
Yasmine,Weaver,2,2021-11-08 09:00:00,keiji@me.com
Jamir,Fitzgerald,4,2021-11-13 11:00:00,bsikdar@hotmail.com
Payton,Lewis,2,2021-11-02 11:00:00,ducasse@msn.com
Maverick,Acevedo,4,2021-11-12 10:00:00,kassiesa@comcast.net
Kolton,Kerr,4,2021-11-07 11:00:00,smpeters@att.net
Deon,Contreras,5,2021-11-20 11:00:00,feamster@icloud.com
Maverick,Clayton,4,2021-11-06 12:00:00,dinther@aol.com
Caiden,Reyes,3,2021-11-19 12:00:00,crimsane@att.net
Selina,Suarez,4,2021-11-15 11:00:00,msloan@mac.com
Cason,Levine,4,2021-11-18 12:00:00,burniske@verizon.net
Ronald,Lawrence,4,2021-11-11 12:00:00,aprakash@yahoo.ca
Kailee,Leblanc,2,2021-11-06 11:00:00,marin@yahoo.com
Angie,Barker,4,2021-11-20 11:00:00,jwarren@live.com
Dayton,Davis,5,2021-11-18 09:00:00,grossman@aol.com
Gerardo,Carr,4,2021-11-18 10:00:00,jwarren@comcast.net
Paris,Conner,4,2021-11-10 09:00:00,crowl@yahoo.ca
Leyla,Sparks,2,2021-11-07 10:00:00,dimensio@sbcglobal.net
Ruben,Harrington,4,2021-11-10 09:00:00,jbarta@yahoo.com
Brandon,Shaffer,5,2021-11-12 09:00:00,noodles@gmail.com
June,Lin,4,2021-11-15 10:00:00,vmalik@aol.com
Luca,Hawkins,4,2021-11-06 10:00:00,gbacon@hotmail.com
Lauren,Horne,4,2021-11-09 11:00:00,atmarks@aol.com
Nevaeh,Rhodes,2,2021-11-05 12:00:00,chaikin@verizon.net
Addison,Nolan,4,2021-11-05 12:00:00,andrei@optonline.net
Sadie,Butler,4,2021-11-11 12:00:00,syrinx@gmail.com
Dillan,Ware,5,2021-11-04 11:00:00,burniske@aol.com
Sadie,Butler,2,2021-11-06 12:00:00,syrinx@gmail.com
Reagan,York,3,2021-11-12 11:00:00,hillct@verizon.net
Sasha,Mcmahon,3,2021-11-11 12:00:00,sonnen@optonline.net
Emmy,Ortega,4,2021-11-12 10:00:00,magusnet@yahoo.com
Camden,Roberts,2,2021-11-04 12:00:00,iamcal@me.com
Jayvion,Merritt,4,2021-11-10 09:00:00,violinhi@icloud.com
Carlo,Melendez,3,2021-11-10 12:00:00,isorashi@live.com
Jamir,Fitzgerald,3,2021-11-10 11:00:00,bsikdar@hotmail.com
Turner,Bradford,4,2021-11-06 09:00:00,jfinke@mac.com
Madalyn,Mayo,4,2021-11-07 11:00:00,moinefou@yahoo.ca
Kamari,Fowler,2,2021-11-06 11:00:00,corrada@sbcglobal.net
Dereon,Molina,5,2021-11-02 12:00:00,alastair@msn.com
Omari,Cisneros,3,2021-11-04 12:00:00,shaffei@att.net
Kasey,Terrell,3,2021-11-10 10:00:00,timlinux@optonline.net
Zachery,David,4,2021-11-21 11:00:00,donev@live.com
Trent,Vargas,4,2021-11-06 12:00:00,mchugh@sbcglobal.net
Leonidas,Ponce,2,2021-11-12 12:00:00,bockelboy@comcast.net
Denzel,Brown,5,2021-11-15 11:00:00,carmena@att.net
Randall,May,2,2021-11-08 10:00:00,suresh@yahoo.ca
Jamison,Shaffer,3,2021-11-07 09:00:00,bdbrown@icloud.com
Lawson,Hooper,2,2021-11-02 11:00:00,geekoid@live.com
Jamison,Shaffer,2,2021-11-02 09:00:00,bdbrown@icloud.com
Chase,Beasley,3,2021-11-17 12:00:00,scottzed@comcast.net
Arturo,Fritz,3,2021-11-05 12:00:00,fallorn@att.net
Glenn,Haas,3,2021-11-11 11:00:00,alhajj@gmail.com
Cynthia,Sheppard,2,2021-11-10 12:00:00,evilopie@att.net
Camryn,Shea,4,2021-11-11 10:00:00,mjewell@mac.com
Chase,Caldwell,4,2021-11-17 11:00:00,bester@gmail.com
Caiden,Reyes,2,2021-11-11 12:00:00,crimsane@att.net
Shyann,Colon,3,2021-11-16 12:00:00,rhavyn@yahoo.ca
Elias,Greene,2,2021-11-11 09:00:00,okroeger@me.com
Marc,Wilkins,4,2021-11-12 09:00:00,rafasgj@me.com
Aliza,Travis,3,2021-11-03 09:00:00,pdbaby@outlook.com
Cael,Olson,5,2021-11-07 12:00:00,hampton@yahoo.ca
Jaydon,Kelly,4,2021-11-05 09:00:00,jaarnial@comcast.net
Micah,Dyer,2,2021-11-06 12:00:00,thomasj@me.com
Abril,Schmitt,5,2021-11-12 11:00:00,draper@me.com
Winston,Duran,2,2021-11-05 11:00:00,smcnabb@optonline.net
Osvaldo,Scott,5,2021-11-08 12:00:00,jeteve@icloud.com
Monserrat,Oconnor,3,2021-11-02 10:00:00,msusa@me.com
Baron,Dudley,2,2021-11-02 09:00:00,shrapnull@msn.com
Pedro,Mata,3,2021-11-12 11:00:00,conteb@mac.com
Malaki,Delgado,4,2021-11-12 09:00:00,wbarker@optonline.net
Grant,Rollins,2,2021-11-01 11:00:00,mcsporran@mac.com
Ian,Salas,5,2021-11-16 10:00:00,hahsler@msn.com
Clayton,Meadows,2,2021-11-08 11:00:00,arathi@comcast.net
Alessandra,Bright,3,2021-11-06 11:00:00,joehall@me.com
Arjun,Rosario,5,2021-11-07 10:00:00,world@me.com
Allie,Morris,3,2021-11-08 12:00:00,ismail@icloud.com
Leonidas,Ponce,3,2021-11-19 12:00:00,bockelboy@comcast.net
Carl,Walker,4,2021-11-11 10:00:00,hedwig@optonline.net
Sammy,Contreras,3,2021-11-21 09:00:00,dbrobins@yahoo.com
Tyshawn,Ingram,3,2021-11-09 12:00:00,mthurn@mac.com
Malaki,Delgado,4,2021-11-16 09:00:00,wbarker@optonline.net
Theresa,Orozco,2,2021-11-09 09:00:00,linuxhack@aol.com
Essence,Barry,2,2021-11-08 10:00:00,samavati@comcast.net
Yandel,Harrington,3,2021-11-13 12:00:00,jandrese@gmail.com
Jaelynn,Fletcher,3,2021-11-06 11:00:00,zyghom@yahoo.com
Sloane,Bowen,5,2021-11-14 09:00:00,dexter@me.com
Declan,Castaneda,5,2021-11-08 09:00:00,nimaclea@hotmail.com
Miah,King,3,2021-11-17 12:00:00,vertigo@me.com
Micah,Dyer,3,2021-11-09 12:00:00,thomasj@me.com
Kasey,Terrell,5,2021-11-13 10:00:00,timlinux@optonline.net
Madison,Pena,4,2021-11-19 12:00:00,mavilar@att.net
Meredith,Wong,3,2021-11-05 10:00:00,wkrebs@gmail.com
Kimberly,Scott,3,2021-11-07 12:00:00,ranasta@hotmail.com
Sloane,Bowen,2,2021-11-11 09:00:00,dexter@me.com
Theresa,Orozco,5,2021-11-13 09:00:00,linuxhack@aol.com
Sammy,Contreras,2,2021-11-12 09:00:00,dbrobins@yahoo.com
Jairo,Jennings,2,2021-11-01 12:00:00,tromey@outlook.com
Landen,Pope,4,2021-11-10 10:00:00,milton@yahoo.ca
Miles,Simpson,5,2021-11-03 11:00:00,skoch@sbcglobal.net
Kai,Melton,5,2021-11-16 09:00:00,firstpr@att.net
Bryce,Salinas,4,2021-11-11 12:00:00,bartak@me.com
Zackary,Holland,4,2021-11-10 12:00:00,flakeg@gmail.com
Nico,Pratt,5,2021-11-02 10:00:00,kalpol@verizon.net
Camryn,Shea,2,2021-11-05 10:00:00,mjewell@mac.com
Roselyn,Meyer,2,2021-11-05 09:00:00,cgreuter@me.com
Dominik,Arellano,5,2021-11-11 10:00:00,lukka@gmail.com
Luz,Farley,5,2021-11-12 10:00:00,larry@icloud.com
Felipe,Mcknight,4,2021-11-10 09:00:00,pierce@yahoo.com
Gerardo,Carr,3,2021-11-09 10:00:00,jwarren@comcast.net
Ian,Salas,4,2021-11-11 10:00:00,hahsler@msn.com
Payton,Lewis,4,2021-11-05 11:00:00,ducasse@msn.com
Donte,Fleming,3,2021-11-09 12:00:00,jkegl@att.net
Miah,King,3,2021-11-14 12:00:00,vertigo@me.com
Donte,Browning,3,2021-11-08 12:00:00,michiel@gmail.com
Kyla,Molina,5,2021-11-09 11:00:00,fmtbebuck@hotmail.com
Roselyn,Crane,3,2021-11-11 09:00:00,zeitlin@mac.com
Dakota,Mercer,4,2021-11-12 11:00:00,tkrotchko@mac.com
Kaylen,Horne,4,2021-11-09 11:00:00,aaribaud@att.net
Luz,Horn,5,2021-11-07 09:00:00,kuparine@mac.com
Caitlin,Kirk,2,2021-11-12 10:00:00,claypool@att.net
Muhammad,Booker,3,2021-11-08 09:00:00,wilsonpm@att.net
Markus,Fletcher,4,2021-11-09 10:00:00,tfinniga@hotmail.com
Cheyenne,Carter,5,2021-11-19 12:00:00,sjmuir@sbcglobal.net
Trent,Vargas,2,2021-11-03 12:00:00,mchugh@sbcglobal.net
Karsyn,Lowe,2,2021-11-01 09:00:00,kaiser@comcast.net
Erick,Morton,4,2021-11-17 10:00:00,kevinm@sbcglobal.net
Nola,Blair,4,2021-11-12 12:00:00,british@msn.com
Reece,Boyle,2,2021-11-02 10:00:00,caronni@me.com
Amiyah,West,2,2021-11-08 11:00:00,draper@icloud.com
Mireya,Church,3,2021-11-07 10:00:00,skajan@outlook.com
Amiya,Serrano,3,2021-11-06 12:00:00,gomor@outlook.com
Conrad,Nielsen,3,2021-11-05 09:00:00,nelson@outlook.com
Yandel,Mcmillan,3,2021-11-12 09:00:00,scottlee@icloud.com
Chase,Beasley,2,2021-11-09 12:00:00,scottzed@comcast.net
Ramiro,Price,3,2021-11-12 12:00:00,geekgrl@me.com
Serena,Mathews,2,2021-11-12 10:00:00,fwiles@att.net
Patience,Carrillo,3,2021-11-11 12:00:00,british@sbcglobal.net
Grant,Rollins,4,2021-11-11 11:00:00,mcsporran@mac.com
Dale,Santos,4,2021-11-18 11:00:00,erynf@hotmail.com
Chana,Manning,2,2021-11-11 10:00:00,rnewman@att.net
Genevieve,Strickland,2,2021-11-06 12:00:00,jlbaumga@verizon.net
Teagan,Bentley,3,2021-11-21 12:00:00,cantu@live.com
Marlee,Orozco,2,2021-11-12 11:00:00,andersbr@yahoo.com
Shelby,Woods,2,2021-11-07 10:00:00,netsfr@yahoo.com
Karsyn,Lowe,3,2021-11-05 09:00:00,kaiser@comcast.net
Chana,Manning,3,2021-11-18 10:00:00,rnewman@att.net
Andre,Wright,4,2021-11-06 09:00:00,cfhsoft@verizon.net
Tyshawn,Ingram,3,2021-11-12 12:00:00,mthurn@mac.com
Kellen,Shannon,3,2021-11-15 09:00:00,barnett@hotmail.com
Abril,Schmitt,2,2021-11-09 11:00:00,draper@me.com
Randall,May,3,2021-11-15 10:00:00,suresh@yahoo.ca
Lia,Thomas,5,2021-11-12 12:00:00,oneiros@me.com
Mary,Figueroa,5,2021-11-18 12:00:00,parkes@yahoo.ca
Amiyah,West,3,2021-11-11 11:00:00,draper@icloud.com
Jorden,Henry,3,2021-11-10 12:00:00,crowl@att.net
Barbara,Dyer,2,2021-11-06 11:00:00,manuals@yahoo.ca
Yasmine,Weaver,4,2021-11-16 09:00:00,keiji@me.com
Aleah,Vincent,5,2021-11-05 12:00:00,eabrown@hotmail.com
Ramiro,Price,4,2021-11-21 12:00:00,geekgrl@me.com
Holden,Dougherty,2,2021-11-09 10:00:00,papathan@sbcglobal.net
Roselyn,Meyer,4,2021-11-12 09:00:00,cgreuter@me.com
Mohammed,Gay,4,2021-11-02 12:00:00,webteam@icloud.com
Natalia,Bridges,2,2021-11-07 09:00:00,cgarcia@att.net
Naomi,Mccall,2,2021-11-04 10:00:00,jeteve@mac.com
Malcolm,Roth,2,2021-11-08 10:00:00,oneiros@icloud.com
Jaycee,Sanchez,2,2021-11-03 10:00:00,msloan@att.net
Abram,Mccarthy,4,2021-11-09 10:00:00,mastinfo@sbcglobal.net
Bailee,Bowman,2,2021-11-08 09:00:00,hamilton@aol.com
Kimberly,Wiley,3,2021-11-13 09:00:00,chunzi@mac.com
Isabella,Wilkinson,3,2021-11-11 10:00:00,neonatus@gmail.com
Pedro,Walton,4,2021-11-07 10:00:00,wojciech@mac.com
Jayvon,Allen,2,2021-11-07 12:00:00,reziac@icloud.com
Brisa,Reynolds,4,2021-11-07 11:00:00,khris@comcast.net
Angie,Barker,2,2021-11-12 11:00:00,jwarren@live.com
Jaylon,Hall,2,2021-11-01 12:00:00,bjornk@yahoo.ca
Kate,Trujillo,2,2021-11-08 09:00:00,tubesteak@outlook.com
Aubrie,Dorsey,4,2021-11-07 10:00:00,frikazoyd@aol.com
Edwin,Good,4,2021-11-11 10:00:00,doormat@gmail.com
Rhys,Delacruz,4,2021-11-09 12:00:00,grinder@verizon.net
Kristian,Holmes,4,2021-11-02 12:00:00,kuparine@msn.com
Eva,Fuller,3,2021-11-10 09:00:00,marcs@yahoo.ca
Nathanial,Lindsey,5,2021-11-03 10:00:00,psharpe@outlook.com
Marcelo,Shepard,3,2021-11-11 09:00:00,spadkins@verizon.net
Joaquin,Hatfield,3,2021-11-13 12:00:00,overbom@mac.com
Eliana,Weber,5,2021-11-10 09:00:00,dbanarse@yahoo.com
Penelope,Benton,3,2021-11-17 10:00:00,madanm@verizon.net
Juliette,Novak,3,2021-11-09 10:00:00,stinson@sbcglobal.net
Rachel,Pratt,4,2021-11-09 11:00:00,roesch@aol.com
Taryn,Knox,5,2021-11-10 10:00:00,pgottsch@comcast.net
Roselyn,Crane,5,2021-11-19 09:00:00,zeitlin@mac.com
Amiya,Serrano,5,2021-11-10 12:00:00,gomor@outlook.com
Raiden,Macias,2,2021-11-10 10:00:00,krueger@optonline.net
Cristina,Beard,3,2021-11-10 10:00:00,bonmots@icloud.com
Deon,Contreras,4,2021-11-15 11:00:00,feamster@icloud.com
Raven,Perez,3,2021-11-14 09:00:00,ajohnson@outlook.com
Rylan,Lucas,3,2021-11-02 10:00:00,sriha@live.com
Gunnar,Bradford,4,2021-11-10 09:00:00,sassen@optonline.net
Chris,Lin,4,2021-11-14 12:00:00,nweaver@icloud.com
Adeline,Winters,4,2021-11-01 09:00:00,tsuruta@outlook.com
Alvin,Baker,5,2021-11-01 12:00:00,telbij@msn.com
Macey,Aguilar,4,2021-11-14 11:00:00,evilopie@aol.com
Adrienne,Summers,4,2021-11-07 09:00:00,singh@live.com
Carmelo,Mullen,2,2021-11-11 10:00:00,catalog@yahoo.ca
Cheyanne,Barajas,5,2021-11-10 09:00:00,campbell@aol.com
Aubrie,Dorsey,2,2021-11-01 10:00:00,frikazoyd@aol.com
Ava,Cunningham,3,2021-11-07 12:00:00,jfriedl@yahoo.ca
Nathaly,Herman,3,2021-11-04 10:00:00,isaacson@comcast.net
Sterling,Arellano,3,2021-11-09 09:00:00,jigsaw@hotmail.com
Pedro,Mata,2,2021-11-07 11:00:00,conteb@mac.com
Teagan,Mcconnell,2,2021-11-08 09:00:00,wainwrig@optonline.net
Jonathan,Ortiz,4,2021-11-15 12:00:00,overbom@yahoo.ca
Mireya,Fritz,5,2021-11-08 11:00:00,kuparine@verizon.net
Jake,Lloyd,2,2021-11-02 12:00:00,grolschie@me.com
Alessandro,Conway,3,2021-11-07 10:00:00,gerlo@icloud.com
Kaeden,Peterson,5,2021-11-05 12:00:00,reeds@yahoo.com
Joel,Baxter,3,2021-11-08 12:00:00,maikelnai@aol.com
Priscilla,Osborne,2,2021-11-11 09:00:00,corrada@mac.com
Ricardo,Gates,3,2021-11-06 12:00:00,agapow@icloud.com
Darian,Trevino,3,2021-11-01 12:00:00,schumer@icloud.com
Jacqueline,Abbott,2,2021-11-11 09:00:00,jonadab@mac.com
Talan,Wagner,2,2021-11-09 09:00:00,skajan@msn.com
Sariah,Arellano,5,2021-11-11 09:00:00,isaacson@me.com
Azul,Barnett,3,2021-11-09 11:00:00,koudas@verizon.net
Andres,Meza,4,2021-11-02 10:00:00,amaranth@sbcglobal.net
Bailee,Bowman,3,2021-11-17 09:00:00,hamilton@aol.com
Kareem,Hendrix,3,2021-11-07 09:00:00,parents@sbcglobal.net
Turner,Bradford,3,2021-11-02 09:00:00,jfinke@mac.com
Sariah,Farmer,3,2021-11-03 09:00:00,malvar@icloud.com
Davian,Cross,4,2021-11-10 10:00:00,hstiles@verizon.net
Rolando,Singleton,2,2021-11-05 11:00:00,mhoffman@me.com
Shaylee,Garza,5,2021-11-12 09:00:00,makarow@msn.com
Quinn,Kelley,4,2021-11-16 09:00:00,hikoza@sbcglobal.net
Yandel,Harrington,2,2021-11-10 12:00:00,jandrese@gmail.com
Ashlyn,Reeves,5,2021-11-11 12:00:00,william@yahoo.ca
Omari,Cisneros,4,2021-11-09 12:00:00,shaffei@att.net
Maverick,Clayton,3,2021-11-02 12:00:00,dinther@aol.com
Pedro,Walton,5,2021-11-10 10:00:00,wojciech@mac.com
Livia,Donaldson,4,2021-11-05 10:00:00,drhyde@aol.com
Meadow,Barron,4,2021-11-06 10:00:00,jelmer@att.net
Quinn,Kelley,4,2021-11-20 09:00:00,hikoza@sbcglobal.net
Valery,Sims,4,2021-11-06 11:00:00,jtorkbob@mac.com
Andreas,Underwood,2,2021-11-07 09:00:00,slanglois@outlook.com
Isaias,Joseph,3,2021-11-11 12:00:00,ylchang@sbcglobal.net
Darnell,Kelley,2,2021-11-11 12:00:00,elflord@optonline.net
Marcel,Pruitt,3,2021-11-12 11:00:00,wenzlaff@verizon.net
Cayden,Jacobson,2,2021-11-04 11:00:00,jpflip@outlook.com
Royce,Avila,2,2021-11-10 09:00:00,twoflower@outlook.com
Maddox,Blake,4,2021-11-08 10:00:00,jwarren@aol.com
Jordin,Snow,5,2021-11-17 10:00:00,mgreen@att.net
Mia,Burch,4,2021-11-11 12:00:00,mirod@msn.com
Joel,Baxter,3,2021-11-11 12:00:00,maikelnai@aol.com
Winston,Duran,3,2021-11-13 11:00:00,smcnabb@optonline.net
Coby,Hammond,2,2021-11-11 09:00:00,ubergeeb@mac.com
Arturo,Bradford,4,2021-11-18 09:00:00,ilikered@hotmail.com
Zachery,David,4,2021-11-17 11:00:00,donev@live.com
Lillianna,Bright,3,2021-11-13 12:00:00,pgolle@verizon.net
Phoenix,Ashley,4,2021-11-18 11:00:00,neonatus@outlook.com
Derrick,Waller,3,2021-11-09 12:00:00,malin@verizon.net
Jamison,Ramirez,2,2021-11-03 11:00:00,martyloo@gmail.com
Cayden,Jacobson,3,2021-11-09 11:00:00,jpflip@outlook.com
Yandel,Mcmillan,4,2021-11-20 09:00:00,scottlee@icloud.com
Boston,Noble,2,2021-11-11 09:00:00,bwcarty@yahoo.com
Cheyanne,Barajas,3,2021-11-06 09:00:00,campbell@aol.com
Viviana,Mccormick,2,2021-11-10 11:00:00,aschmitz@att.net
Alonzo,Hunt,3,2021-11-06 10:00:00,parsimony@gmail.com
Hezekiah,Chapman,5,2021-11-04 10:00:00,skythe@icloud.com
Shea,Shields,3,2021-11-02 10:00:00,penna@optonline.net
Reagan,York,2,2021-11-04 11:00:00,hillct@verizon.net
Walker,Nixon,5,2021-11-13 10:00:00,imightb@mac.com
Lisa,Bradshaw,5,2021-11-15 10:00:00,xtang@optonline.net
Antonio,Macias,4,2021-11-10 11:00:00,pkplex@gmail.com
Josie,Fernandez,2,2021-11-04 10:00:00,laird@live.com
Kellen,Shannon,3,2021-11-12 09:00:00,barnett@hotmail.com
Adalyn,Weiss,3,2021-11-08 12:00:00,joehall@verizon.net
Luca,Hawkins,2,2021-11-01 10:00:00,gbacon@hotmail.com
Triston,Wiley,3,2021-11-01 11:00:00,rfisher@aol.com
Jorden,Henry,5,2021-11-20 12:00:00,crowl@att.net
Yandel,Mcmillan,4,2021-11-17 09:00:00,scottlee@icloud.com
Essence,Barry,4,2021-11-18 10:00:00,samavati@comcast.net
Talan,Wagner,4,2021-11-13 09:00:00,skajan@msn.com
Pranav,Adams,3,2021-11-10 09:00:00,temmink@verizon.net
Demarion,Duarte,3,2021-11-13 10:00:00,studyabr@icloud.com
Kellen,Shannon,2,2021-11-09 09:00:00,barnett@hotmail.com
Kara,Johns,3,2021-11-08 09:00:00,wayward@outlook.com
Sariah,Farmer,5,2021-11-13 09:00:00,malvar@icloud.com
Allisson,Palmer,3,2021-11-08 12:00:00,uqmcolyv@live.com
Chaim,Reeves,3,2021-11-14 11:00:00,kuparine@aol.com
Alexzander,Castaneda,3,2021-11-05 12:00:00,sharon@yahoo.com
Ramiro,Price,4,2021-11-16 12:00:00,geekgrl@me.com
Sylvia,Chandler,4,2021-11-16 09:00:00,crowemojo@aol.com
Jorden,Henry,4,2021-11-15 12:00:00,crowl@att.net
Dale,Santos,4,2021-11-14 11:00:00,erynf@hotmail.com
Mireya,Church,4,2021-11-10 10:00:00,skajan@outlook.com
Tamia,Hurst,4,2021-11-14 11:00:00,atmarks@live.com
Lacey,Freeman,4,2021-11-15 10:00:00,jbailie@optonline.net
Jaylynn,Everett,2,2021-11-09 11:00:00,noahb@yahoo.ca
Aarav,Liu,5,2021-11-15 09:00:00,jorgb@optonline.net
Carina,Skinner,3,2021-11-08 11:00:00,comdig@icloud.com
Kiera,Sexton,2,2021-11-02 09:00:00,kempsonc@optonline.net
Antwan,Hamilton,4,2021-11-01 11:00:00,isaacson@hotmail.com
Zechariah,Jensen,3,2021-11-04 12:00:00,jaxweb@msn.com
Raven,Perez,2,2021-11-09 09:00:00,ajohnson@outlook.com
Teagan,Hanson,2,2021-11-09 12:00:00,wikinerd@att.net
Malaki,Delgado,3,2021-11-09 09:00:00,wbarker@optonline.net
Gabriella,Velez,3,2021-11-02 10:00:00,pontipak@live.com
Sylvia,Chandler,3,2021-11-12 09:00:00,crowemojo@aol.com
Alessandro,Conway,2,2021-11-03 10:00:00,gerlo@icloud.com
Linda,Howe,4,2021-11-12 10:00:00,jcholewa@sbcglobal.net
Todd,Liu,3,2021-11-11 10:00:00,dpitts@yahoo.ca
Malcolm,Roth,3,2021-11-11 10:00:00,oneiros@icloud.com
Micah,Dyer,4,2021-11-14 12:00:00,thomasj@me.com
Richard,Hickman,3,2021-11-01 11:00:00,alastair@att.net
Bo,Bell,3,2021-11-09 09:00:00,falcao@verizon.net
Enrique,Mcdaniel,3,2021-11-10 11:00:00,squirrel@yahoo.com
Stephen,Farley,2,2021-11-02 12:00:00,aardo@mac.com
Carmelo,Mullen,3,2021-11-14 10:00:00,catalog@yahoo.ca
Steven,Murphy,3,2021-11-06 11:00:00,henkp@verizon.net
Karissa,Duke,5,2021-11-14 11:00:00,froodian@yahoo.ca
Deborah,Villarreal,2,2021-11-07 09:00:00,juliano@hotmail.com
Declan,Melendez,5,2021-11-13 11:00:00,jsbach@optonline.net
Emmy,Ortega,4,2021-11-15 10:00:00,magusnet@yahoo.com
Deangelo,Nolan,2,2021-11-05 12:00:00,feamster@yahoo.com
Adalyn,Weiss,5,2021-11-16 12:00:00,joehall@verizon.net
Viviana,Mccormick,4,2021-11-18 11:00:00,aschmitz@att.net
Elsa,Meyers,4,2021-11-10 12:00:00,gamma@hotmail.com
Jasiah,Henry,3,2021-11-11 12:00:00,larry@verizon.net
Brylee,Hebert,2,2021-11-04 09:00:00,shrapnull@mac.com
Evelin,Mckinney,3,2021-11-01 11:00:00,parksh@live.com
Grant,Branch,4,2021-11-15 12:00:00,munjal@sbcglobal.net
Carlie,Jefferson,4,2021-11-09 11:00:00,wildfire@aol.com
Donte,Browning,4,2021-11-14 12:00:00,michiel@gmail.com
Turner,Bradford,5,2021-11-10 09:00:00,jfinke@mac.com
Lawson,Hooper,3,2021-11-06 11:00:00,geekoid@live.com
Isabel,Decker,4,2021-11-12 11:00:00,hikoza@yahoo.ca
Rachel,Pratt,4,2021-11-12 11:00:00,roesch@aol.com
Nikolas,Mckinney,3,2021-11-06 12:00:00,arnold@att.net
Lauren,Horne,2,2021-11-06 11:00:00,atmarks@aol.com
Elias,Greene,3,2021-11-15 09:00:00,okroeger@me.com
Rylee,Henson,2,2021-11-10 11:00:00,rwelty@outlook.com
Erick,Shaffer,3,2021-11-11 12:00:00,sakusha@yahoo.com
Genesis,Zuniga,4,2021-11-10 12:00:00,heckerman@comcast.net
Leilani,Barajas,4,2021-11-09 10:00:00,grossman@yahoo.ca
Gillian,Hubbard,3,2021-11-12 11:00:00,mschilli@me.com
Donte,Fleming,2,2021-11-06 12:00:00,jkegl@att.net
Rolando,Singleton,3,2021-11-13 11:00:00,mhoffman@me.com
Marcelo,Shepard,4,2021-11-14 09:00:00,spadkins@verizon.net
Meredith,Wong,4,2021-11-08 10:00:00,wkrebs@gmail.com
Ricardo,Gates,2,2021-11-01 12:00:00,agapow@icloud.com
Lillianna,Bright,2,2021-11-09 12:00:00,pgolle@verizon.net
Summer,Rivas,3,2021-11-10 10:00:00,natepuri@msn.com
Ezequiel,Barrett,5,2021-11-05 11:00:00,jaxweb@mac.com
Jaydon,Kelly,2,2021-11-01 09:00:00,jaarnial@comcast.net
Maverick,Acevedo,3,2021-11-09 10:00:00,kassiesa@comcast.net
Pedro,Walton,3,2021-11-03 10:00:00,wojciech@mac.com
Derrick,Waller,2,2021-11-04 12:00:00,malin@verizon.net
Arturo,Fritz,2,2021-11-02 12:00:00,fallorn@att.net
Sylvia,Chandler,5,2021-11-20 09:00:00,crowemojo@aol.com
Larissa,Morgan,4,2021-11-06 11:00:00,matthijs@live.com
Genesis,Zuniga,2,2021-11-02 12:00:00,heckerman@comcast.net
Grant,Rollins,3,2021-11-06 11:00:00,mcsporran@mac.com
Marlee,Orozco,4,2021-11-21 11:00:00,andersbr@yahoo.com
Lacey,Freeman,3,2021-11-10 10:00:00,jbailie@optonline.net
Deon,Contreras,3,2021-11-10 11:00:00,feamster@icloud.com
Damaris,Chase,3,2021-11-10 11:00:00,stewwy@yahoo.com
Rylan,Lucas,4,2021-11-05 10:00:00,sriha@live.com
Jayvion,Merritt,2,2021-11-05 09:00:00,violinhi@icloud.com
Felipe,Mcknight,3,2021-11-06 09:00:00,pierce@yahoo.com
Sariah,Arellano,4,2021-11-06 09:00:00,isaacson@me.com
Macey,Aguilar,3,2021-11-10 11:00:00,evilopie@aol.com
Shaylee,Garza,3,2021-11-08 09:00:00,makarow@msn.com
Markus,Baxter,4,2021-11-02 11:00:00,sabren@aol.com
Nathaly,Herman,4,2021-11-09 10:00:00,isaacson@comcast.net
Priscilla,Osborne,3,2021-11-16 09:00:00,corrada@mac.com
Sasha,Mcmahon,2,2021-11-06 12:00:00,sonnen@optonline.net
Ryann,Molina,3,2021-11-10 12:00:00,rnewman@gmail.com
Stephen,Farley,3,2021-11-07 12:00:00,aardo@mac.com
Bo,Bell,4,2021-11-13 09:00:00,falcao@verizon.net
Aryanna,Huber,2,2021-11-08 12:00:00,garland@yahoo.ca
Jacqueline,Abbott,4,2021-11-14 09:00:00,jonadab@mac.com
Kassandra,Weber,4,2021-11-09 11:00:00,mlewan@yahoo.com
Leonidas,Ponce,3,2021-11-16 12:00:00,bockelboy@comcast.net
Camden,Roberts,4,2021-11-10 12:00:00,iamcal@me.com
Zackary,Holland,2,2021-11-05 12:00:00,flakeg@gmail.com
Summer,Rivas,2,2021-11-05 10:00:00,natepuri@msn.com
Ryann,Molina,2,2021-11-03 12:00:00,rnewman@gmail.com
Kennedi,Mullins,4,2021-11-10 10:00:00,epeeist@outlook.com
Hope,Morton,3,2021-11-11 11:00:00,lstaf@optonline.net
Ariel,Byrd,2,2021-11-09 09:00:00,csilvers@gmail.com
Tamia,Hurst,3,2021-11-09 11:00:00,atmarks@live.com
Jasmine,Villarreal,5,2021-11-07 11:00:00,gslondon@optonline.net
Yasmine,Weaver,3,2021-11-12 09:00:00,keiji@me.com
Maximilian,Mcdonald,5,2021-11-08 12:00:00,hllam@mac.com
Emmalee,Wise,4,2021-11-08 11:00:00,chrisj@att.net
Angelique,Herrera,3,2021-11-10 11:00:00,jnolan@aol.com
Royce,Avila,4,2021-11-16 09:00:00,twoflower@outlook.com
Aron,Allison,4,2021-11-15 10:00:00,kawasaki@optonline.net
Timothy,Calderon,4,2021-11-11 10:00:00,jimmichie@sbcglobal.net
Solomon,Hoffman,4,2021-11-14 09:00:00,sherzodr@att.net
Andreas,Underwood,3,2021-11-10 09:00:00,slanglois@outlook.com
Killian,Le,5,2021-11-07 09:00:00,mrsam@verizon.net
Johnathon,Huffman,4,2021-11-11 09:00:00,chrisj@hotmail.com
Penelope,Benton,2,2021-11-12 10:00:00,madanm@verizon.net
Fernanda,Gonzales,4,2021-11-04 11:00:00,floxy@att.net
Jasiah,Henry,2,2021-11-06 12:00:00,larry@verizon.net
Giana,Campbell,2,2021-11-06 12:00:00,nelson@hotmail.com
Lia,Thomas,4,2021-11-08 12:00:00,oneiros@me.com
Kayla,Burnett,5,2021-11-04 10:00:00,sartak@hotmail.com
Randy,Vaughan,5,2021-11-04 11:00:00,mhouston@gmail.com
Steven,Murphy,5,2021-11-15 11:00:00,henkp@verizon.net
Serena,Mathews,3,2021-11-17 10:00:00,fwiles@att.net
Taryn,Sandoval,4,2021-11-02 11:00:00,jrifkin@me.com
Makayla,Mclaughlin,3,2021-11-10 10:00:00,moxfulder@yahoo.ca
Lia,Thomas,3,2021-11-03 12:00:00,oneiros@me.com
Rhys,Delacruz,3,2021-11-05 12:00:00,grinder@verizon.net
Chana,Manning,3,2021-11-15 10:00:00,rnewman@att.net
Tatum,Walls,2,2021-11-09 10:00:00,presoff@aol.com
Isaias,Joseph,4,2021-11-14 12:00:00,ylchang@sbcglobal.net
Roselyn,Meyer,3,2021-11-09 09:00:00,cgreuter@me.com
Melina,Barton,3,2021-11-18 12:00:00,jkegl@icloud.com
Alessandra,Bright,3,2021-11-10 11:00:00,joehall@me.com
Nevaeh,Rhodes,3,2021-11-10 12:00:00,chaikin@verizon.net
Mary,Figueroa,4,2021-11-15 12:00:00,parkes@yahoo.ca
Cesar,Adkins,2,2021-11-07 11:00:00,mrsam@outlook.com
Chelsea,Sanford,4,2021-11-06 11:00:00,fallorn@comcast.net
Annabella,Mccoy,2,2021-11-12 10:00:00,danny@yahoo.ca
Kiera,Sexton,4,2021-11-07 09:00:00,kempsonc@optonline.net
Sterling,Arellano,2,2021-11-05 09:00:00,jigsaw@hotmail.com
Benjamin,Francis,2,2021-11-10 12:00:00,ntegrity@gmail.com
Camron,Haynes,3,2021-11-04 09:00:00,chrisk@outlook.com
Alicia,Travis,3,2021-11-03 11:00:00,phish@aol.com
Kenny,Cuevas,5,2021-11-10 10:00:00,tbusch@live.com
Byron,Franklin,4,2021-11-09 09:00:00,speeves@me.com
Camron,Henderson,3,2021-11-10 12:00:00,dburrows@verizon.net
Alessandra,Bright,2,2021-11-03 11:00:00,joehall@me.com
Anderson,Davis,2,2021-11-03 12:00:00,tmccarth@optonline.net
Mckenna,Vargas,3,2021-11-06 12:00:00,gordonjcp@verizon.net
Alyson,Arroyo,3,2021-11-08 12:00:00,sjmuir@gmail.com
Cheyenne,Carter,3,2021-11-11 12:00:00,sjmuir@sbcglobal.net
Jaylon,Hall,4,2021-11-06 12:00:00,bjornk@yahoo.ca
Mireya,Church,4,2021-11-13 10:00:00,skajan@outlook.com
Cristopher,Estes,4,2021-11-07 10:00:00,biglou@hotmail.com
Leia,Bond,5,2021-11-09 10:00:00,carmena@hotmail.com
Lorelei,Sawyer,5,2021-11-05 10:00:00,portele@mac.com
Janiah,Morton,5,2021-11-15 10:00:00,grothoff@yahoo.com
Hamza,Morgan,5,2021-11-12 11:00:00,kostas@outlook.com
Ivy,Harper,2,2021-11-12 10:00:00,kspiteri@msn.com
Ricardo,Bridges,3,2021-11-09 10:00:00,wildfire@mac.com
Kendal,Kelly,5,2021-11-07 11:00:00,quantaman@yahoo.com
Khalil,Owen,5,2021-11-10 09:00:00,cyrus@live.com
Kate,Trujillo,3,2021-11-11 09:00:00,tubesteak@outlook.com
Sterling,Arellano,4,2021-11-14 09:00:00,jigsaw@hotmail.com
Darryl,Chan,5,2021-11-04 11:00:00,sequin@icloud.com
Tamia,Medina,5,2021-11-17 09:00:00,bescoto@optonline.net
Carl,Walker,3,2021-11-08 10:00:00,hedwig@optonline.net
Dominik,Arellano,3,2021-11-07 10:00:00,lukka@gmail.com
Chloe,Wu,5,2021-11-11 12:00:00,comdig@hotmail.com
Arturo,Bradford,2,2021-11-09 09:00:00,ilikered@hotmail.com
Declan,Castaneda,3,2021-11-04 09:00:00,nimaclea@hotmail.com
Kimberly,Wiley,2,2021-11-08 09:00:00,chunzi@mac.com
Karissa,Duke,2,2021-11-09 11:00:00,froodian@yahoo.ca
Jacey,Cuevas,5,2021-11-06 10:00:00,jbryan@mac.com
Caiden,Reyes,3,2021-11-15 12:00:00,crimsane@att.net
Dayton,Davis,3,2021-11-09 09:00:00,grossman@aol.com
London,Villarreal,3,2021-11-05 11:00:00,pthomsen@att.net
Chaim,Reeves,3,2021-11-19 11:00:00,kuparine@aol.com
Shelby,Woods,4,2021-11-10 10:00:00,netsfr@yahoo.com
Aryanna,Huber,3,2021-11-18 12:00:00,garland@yahoo.ca
Giana,Campbell,4,2021-11-14 12:00:00,nelson@hotmail.com
Bryce,Salinas,3,2021-11-08 12:00:00,bartak@me.com
Brooks,Woods,5,2021-11-15 12:00:00,juliano@att.net
Valery,Sims,3,2021-11-01 11:00:00,jtorkbob@mac.com
Laila,Hendricks,4,2021-11-07 10:00:00,denism@hotmail.com
Natalia,Bridges,3,2021-11-15 09:00:00,cgarcia@att.net
Gillian,Hubbard,2,2021-11-02 11:00:00,mschilli@me.com
Darian,Trevino,5,2021-11-06 12:00:00,schumer@icloud.com
Alessandro,Conway,3,2021-11-11 10:00:00,gerlo@icloud.com
Adonis,Malone,4,2021-11-12 09:00:00,boser@mac.com
Cheyenne,Carter,4,2021-11-16 12:00:00,sjmuir@sbcglobal.net
Titus,Hodge,4,2021-11-06 10:00:00,hermanab@optonline.net
Enrique,Mcdaniel,2,2021-11-06 11:00:00,squirrel@yahoo.com
Vincent,Buck,3,2021-11-03 11:00:00,zavadsky@icloud.com
Selina,Suarez,4,2021-11-19 11:00:00,msloan@mac.com
Krystal,Gross,2,2021-11-09 12:00:00,mwandel@sbcglobal.net
Teagan,Bentley,3,2021-11-17 12:00:00,cantu@live.com
Camden,Roberts,4,2021-11-07 12:00:00,iamcal@me.com
Gerardo,Marks,2,2021-11-03 10:00:00,kmiller@gmail.com
Triston,Wiley,4,2021-11-10 11:00:00,rfisher@aol.com
Jimena,Glover,3,2021-11-06 12:00:00,lamky@mac.com
Jaxon,Greene,5,2021-11-16 12:00:00,hauma@outlook.com
Evelin,Mckinney,5,2021-11-10 11:00:00,parksh@live.com
Santos,Fields,3,2021-11-11 09:00:00,eegsa@live.com
Callum,King,4,2021-11-17 12:00:00,pedwards@icloud.com
Gerardo,Marks,4,2021-11-11 10:00:00,kmiller@gmail.com
June,Lin,3,2021-11-12 10:00:00,vmalik@aol.com
Jasmine,Villarreal,2,2021-11-02 11:00:00,gslondon@optonline.net
Ricardo,Bridges,4,2021-11-13 10:00:00,wildfire@mac.com
Royce,Avila,3,2021-11-13 09:00:00,twoflower@outlook.com
Clayton,Meadows,3,2021-11-12 11:00:00,arathi@comcast.net
Tatum,Bush,2,2021-11-10 09:00:00,mwandel@comcast.net
Arturo,Bradford,3,2021-11-14 09:00:00,ilikered@hotmail.com
Essence,Anderson,2,2021-11-12 11:00:00,psichel@aol.com
Cason,Levine,3,2021-11-14 12:00:00,burniske@verizon.net
Brylee,Hebert,3,2021-11-07 09:00:00,shrapnull@mac.com
Clara,Cox,3,2021-11-06 11:00:00,bowmanbs@sbcglobal.net
Dante,Mason,4,2021-11-09 09:00:00,fluffy@me.com
Talon,Carrillo,3,2021-11-21 12:00:00,credmond@yahoo.ca
Deangelo,Nolan,5,2021-11-10 12:00:00,feamster@yahoo.com
Santos,Fields,4,2021-11-15 09:00:00,eegsa@live.com
Zachary,Schmitt,4,2021-11-05 12:00:00,osaru@msn.com
Shyann,Colon,3,2021-11-11 12:00:00,rhavyn@yahoo.ca
Kaelyn,Dickson,4,2021-11-12 10:00:00,schumer@outlook.com
Aarav,Liu,2,2021-11-12 09:00:00,jorgb@optonline.net
Ruben,Harrington,4,2021-11-14 09:00:00,jbarta@yahoo.com
Dayton,Davis,4,2021-11-14 09:00:00,grossman@aol.com
Nash,Gordon,5,2021-11-04 09:00:00,fraser@yahoo.com
Luz,Farley,3,2021-11-07 10:00:00,larry@icloud.com
Dashawn,Cordova,4,2021-11-12 11:00:00,carcus@att.net
Zackary,Holland,4,2021-11-15 12:00:00,flakeg@gmail.com
Ryann,Molina,3,2021-11-06 12:00:00,rnewman@gmail.com
Reece,Boyle,4,2021-11-06 10:00:00,caronni@me.com
Reyna,Clark,2,2021-11-01 10:00:00,errxn@live.com
Grant,Branch,3,2021-11-11 12:00:00,munjal@sbcglobal.net
Gerardo,Carr,4,2021-11-13 10:00:00,jwarren@comcast.net
Tamia,Medina,4,2021-11-14 09:00:00,bescoto@optonline.net
Krystal,Gross,5,2021-11-13 12:00:00,mwandel@sbcglobal.net
Jadon,Mosley,3,2021-11-05 12:00:00,nimaclea@optonline.net
Anastasia,Carpenter,5,2021-11-16 12:00:00,ismail@gmail.com
Sadie,Butler,4,2021-11-14 12:00:00,syrinx@gmail.com
Bryce,Salinas,4,2021-11-16 12:00:00,bartak@me.com
Kassandra,Weber,4,2021-11-12 11:00:00,mlewan@yahoo.com
Ismael,Little,3,2021-11-04 11:00:00,naoya@gmail.com
Turner,Oneill,4,2021-11-15 11:00:00,gavollink@msn.com
Maverick,Acevedo,2,2021-11-04 10:00:00,kassiesa@comcast.net
Genesis,Zuniga,4,2021-11-05 12:00:00,heckerman@comcast.net
Kayden,Wolfe,3,2021-11-05 10:00:00,yruan@gmail.com
Gerardo,Marks,3,2021-11-08 10:00:00,kmiller@gmail.com
Macey,Aguilar,2,2021-11-05 11:00:00,evilopie@aol.com
Grant,Branch,4,2021-11-19 12:00:00,munjal@sbcglobal.net
Tyshawn,Ingram,2,2021-11-06 12:00:00,mthurn@mac.com
Josie,Fernandez,4,2021-11-11 10:00:00,laird@live.com
Emmalee,Wise,3,2021-11-05 11:00:00,chrisj@att.net
Trent,Vargas,4,2021-11-10 12:00:00,mchugh@sbcglobal.net
Francis,Gray,4,2021-11-10 11:00:00,dvdotnet@comcast.net
Ava,Cunningham,5,2021-11-11 12:00:00,jfriedl@yahoo.ca
Stephen,Hester,4,2021-11-06 10:00:00,hachi@outlook.com
Dax,Flynn,4,2021-11-08 12:00:00,rgarton@comcast.net
Monserrat,Oconnor,4,2021-11-05 10:00:00,msusa@me.com
Beatrice,Bentley,4,2021-11-15 12:00:00,ubergeeb@gmail.com
Gunnar,Bradford,3,2021-11-02 09:00:00,sassen@optonline.net
Holden,Dougherty,4,2021-11-18 10:00:00,papathan@sbcglobal.net
Noe,Acevedo,4,2021-11-05 12:00:00,mkearl@yahoo.ca
Selina,Suarez,3,2021-11-11 11:00:00,msloan@mac.com
Walter,Thornton,2,2021-11-09 11:00:00,sjmuir@verizon.net
Angie,Barker,3,2021-11-15 11:00:00,jwarren@live.com
Aubrie,Dorsey,3,2021-11-04 10:00:00,frikazoyd@aol.com
Kimberly,Scott,4,2021-11-10 12:00:00,ranasta@hotmail.com
Rhianna,Rich,5,2021-11-14 09:00:00,mjewell@live.com
Emmy,Ortega,2,2021-11-08 10:00:00,magusnet@yahoo.com
Fernanda,Gonzales,5,2021-11-09 11:00:00,floxy@att.net
Callum,King,3,2021-11-10 12:00:00,pedwards@icloud.com
Francis,Gray,5,2021-11-15 11:00:00,dvdotnet@comcast.net
Jaden,Palmer,3,2021-11-10 12:00:00,hamilton@comcast.net
Boston,Noble,3,2021-11-14 09:00:00,bwcarty@yahoo.com
Paola,Dudley,5,2021-11-04 10:00:00,kmself@yahoo.com
Fernanda,Gonzales,3,2021-11-01 11:00:00,floxy@att.net
Ariel,Byrd,3,2021-11-12 09:00:00,csilvers@gmail.com
Kailee,Leblanc,3,2021-11-11 11:00:00,marin@yahoo.com
Viviana,Mccormick,3,2021-11-13 11:00:00,aschmitz@att.net
Anderson,Davis,4,2021-11-06 12:00:00,tmccarth@optonline.net
Winston,Duran,3,2021-11-10 11:00:00,smcnabb@optonline.net
Arturo,Fritz,4,2021-11-10 12:00:00,fallorn@att.net
Abbie,Scott,5,2021-11-18 12:00:00,tbusch@me.com
Anderson,Davis,4,2021-11-11 12:00:00,tmccarth@optonline.net
Avah,Hill,4,2021-11-11 10:00:00,cosimo@verizon.net
Talon,Carrillo,3,2021-11-17 12:00:00,credmond@yahoo.ca
Coby,Hammond,5,2021-11-14 09:00:00,ubergeeb@mac.com
Felipe,Mcknight,5,2021-11-14 09:00:00,pierce@yahoo.com
Dante,Mason,5,2021-11-14 09:00:00,fluffy@me.com
Stephen,Farley,3,2021-11-12 12:00:00,aardo@mac.com
Kamari,Fowler,3,2021-11-14 11:00:00,corrada@sbcglobal.net
Zachary,Reese,3,2021-11-02 12:00:00,koudas@optonline.net
Declan,Melendez,2,2021-11-08 11:00:00,jsbach@optonline.net
Vincent,Buck,4,2021-11-12 11:00:00,zavadsky@icloud.com
Janae,Hartman,2,2021-11-11 10:00:00,bdthomas@live.com
Jeramiah,Mayer,3,2021-11-12 11:00:00,marnanel@verizon.net
Brandon,Shaffer,2,2021-11-07 09:00:00,noodles@gmail.com
Lisa,Bradshaw,3,2021-11-09 10:00:00,xtang@optonline.net
Erick,Shaffer,2,2021-11-07 12:00:00,sakusha@yahoo.com
Walter,Thornton,3,2021-11-12 11:00:00,sjmuir@verizon.net
Allisson,Palmer,4,2021-11-12 12:00:00,uqmcolyv@live.com
Azaria,Harrison,3,2021-11-01 11:00:00,dodong@outlook.com
Ashlyn,Reeves,2,2021-11-08 12:00:00,william@yahoo.ca
Madalynn,Gibson,5,2021-11-10 11:00:00,mwitte@optonline.net
Gunnar,Bradford,4,2021-11-06 09:00:00,sassen@optonline.net
Jenny,Lawson,4,2021-11-08 11:00:00,goldberg@att.net
Marc,Wilkins,2,2021-11-07 09:00:00,rafasgj@me.com
Hamza,Morgan,3,2021-11-09 11:00:00,kostas@outlook.com
Scott,Singh,4,2021-11-04 11:00:00,rogerspl@me.com
Ibrahim,Graham,2,2021-11-12 10:00:00,shaffei@yahoo.ca
Jimena,Glover,4,2021-11-09 12:00:00,lamky@mac.com
Tamia,Hurst,5,2021-11-17 11:00:00,atmarks@live.com
Jayleen,Petty,2,2021-11-11 09:00:00,ntegrity@mac.com
Natalia,Bridges,3,2021-11-10 09:00:00,cgarcia@att.net
Kaeden,Cooper,4,2021-11-06 12:00:00,iapetus@live.com
Genevieve,Strickland,4,2021-11-15 12:00:00,jlbaumga@verizon.net
Jonathan,Ortiz,4,2021-11-19 12:00:00,overbom@yahoo.ca
Zachery,David,3,2021-11-12 11:00:00,donev@live.com
Naomi,Mccall,3,2021-11-08 10:00:00,jeteve@mac.com
Jairo,Jennings,3,2021-11-04 12:00:00,tromey@outlook.com
Roselyn,Crane,4,2021-11-14 09:00:00,zeitlin@mac.com
Lizeth,Blevins,4,2021-11-03 11:00:00,smcnabb@icloud.com
Turner,Oneill,4,2021-11-20 11:00:00,gavollink@msn.com
Aryanna,Huber,3,2021-11-13 12:00:00,garland@yahoo.ca
Aliza,Arnold,4,2021-11-05 10:00:00,metzzo@hotmail.com
Lisa,Bradshaw,4,2021-11-12 10:00:00,xtang@optonline.net
Annabella,Mccoy,3,2021-11-16 10:00:00,danny@yahoo.ca
Patience,Morris,4,2021-11-07 11:00:00,emmanuel@att.net
Ricardo,Gates,4,2021-11-11 12:00:00,agapow@icloud.com
Josie,Daniel,2,2021-11-11 09:00:00,eurohack@outlook.com
Colton,Contreras,5,2021-11-01 12:00:00,dvdotnet@hotmail.com
Hope,Morton,4,2021-11-15 11:00:00,lstaf@optonline.net
Joaquin,Hatfield,2,2021-11-08 12:00:00,overbom@mac.com
Rey,Gallegos,4,2021-11-14 11:00:00,bastian@sbcglobal.net
Madison,Pena,3,2021-11-11 12:00:00,mavilar@att.net
Ingrid,Powell,3,2021-11-11 11:00:00,vlefevre@me.com
Ruben,Harrington,3,2021-11-07 09:00:00,jbarta@yahoo.com
Byron,Franklin,2,2021-11-02 09:00:00,speeves@me.com
Melina,Barton,3,2021-11-14 12:00:00,jkegl@icloud.com
Jaycee,Sanchez,5,2021-11-07 10:00:00,msloan@att.net
Rachel,Pratt,2,2021-11-04 11:00:00,roesch@aol.com
Martha,Marshall,2,2021-11-09 10:00:00,mgemmons@yahoo.com
Patience,Carrillo,5,2021-11-14 12:00:00,british@sbcglobal.net
Azaria,Richards,5,2021-11-05 11:00:00,chance@yahoo.ca
Karlee,Bradshaw,2,2021-11-02 09:00:00,skythe@aol.com
Jeramiah,Mayer,2,2021-11-07 11:00:00,marnanel@verizon.net
Parker,Boyle,5,2021-11-13 09:00:00,kosact@verizon.net
Janae,Hartman,5,2021-11-16 10:00:00,bdthomas@live.com
Arjun,Rosario,3,2021-11-02 10:00:00,world@me.com
Reagan,York,3,2021-11-08 11:00:00,hillct@verizon.net
Jovani,Holden,3,2021-11-04 12:00:00,esokullu@comcast.net
Logan,Snow,5,2021-11-19 10:00:00,isorashi@hotmail.com
Mireya,Fritz,3,2021-11-03 11:00:00,kuparine@verizon.net
Isabella,Wilkinson,2,2021-11-07 10:00:00,neonatus@gmail.com
Joel,Baxter,2,2021-11-05 12:00:00,maikelnai@aol.com
Chelsea,Sanford,3,2021-11-02 11:00:00,fallorn@comcast.net
Emmett,Mcfarland,5,2021-11-08 12:00:00,salesgeek@hotmail.com
Aliza,Arnold,3,2021-11-01 10:00:00,metzzo@hotmail.com
Blaine,Anthony,4,2021-11-06 11:00:00,suresh@att.net
Iris,Leonard,4,2021-11-06 10:00:00,hoyer@outlook.com
Baron,Dudley,3,2021-11-05 09:00:00,shrapnull@msn.com
Kira,Ayala,4,2021-11-11 12:00:00,guialbu@icloud.com
Jaden,Palmer,4,2021-11-15 12:00:00,hamilton@comcast.net
Aden,Miller,3,2021-11-03 10:00:00,sekiya@outlook.com
Evelin,Mckinney,4,2021-11-06 11:00:00,parksh@live.com
Bradyn,Holden,5,2021-11-07 11:00:00,ngedmond@yahoo.com
Johnathon,Huffman,2,2021-11-07 09:00:00,chrisj@hotmail.com
Triston,Wiley,4,2021-11-06 11:00:00,rfisher@aol.com
Tatum,Walls,5,2021-11-13 10:00:00,presoff@aol.com
Ian,Salas,3,2021-11-08 10:00:00,hahsler@msn.com
Nevaeh,Rhodes,3,2021-11-15 12:00:00,chaikin@verizon.net
Chase,Beasley,3,2021-11-13 12:00:00,scottzed@comcast.net
Kennedi,Mullins,2,2021-11-07 10:00:00,epeeist@outlook.com
Aiden,Proctor,4,2021-11-02 11:00:00,enintend@verizon.net
Martha,Marshall,5,2021-11-13 10:00:00,mgemmons@yahoo.com
Eugene,Prince,4,2021-11-13 09:00:00,seemant@live.com
Ronald,Lawrence,2,2021-11-07 12:00:00,aprakash@yahoo.ca
Teagan,Hanson,4,2021-11-14 12:00:00,wikinerd@att.net
Kieran,Norris,5,2021-11-04 12:00:00,rgarton@outlook.com
Maverick,Clayton,4,2021-11-10 12:00:00,dinther@aol.com
Meredith,Wong,4,2021-11-11 10:00:00,wkrebs@gmail.com
Miah,King,2,2021-11-11 12:00:00,vertigo@me.com